id;name;zip_code;street;number;neighborhood;city;state;reception_phone;sector;main_registration;type
1;TRIX Tamboré Housing Offices & Shops;06543001;Av. Marcos Penteado de Ulhôa Rodrigues;4053;Alphaville;Santana de Parnaíba;SP;;2;98.678;11
2;Terraços Tamboré ;06543001;Av. Marcos Penteado de Ulhôa Rodrigues;4000;Alphaville;Santana de Parnaíba;SP;;0;148.291;1
3;Edifício AlphaLife;06472001;Av. Copacaba ;291;Alphaville;Barueri;SP;;0;100.570;1
4;Condomínio Boulevard Tamboré;06543006;Alameda Canto dos Pássaros ;95;Alphaville;Santana de Parnaíba;SP;;2;;3
5;Reserva Alphasitio 1;06544300;Avenida dos Parques ;329;Alphaville;Santana de Parnaíba;SP;;0;135.141;1
6;Condomínio Paisagem Tamboré;06543001;Av. Marcos Penteado de Ulhôa Rodrigues, ;2113;Alphaville;Santana de Parnaíba;SP;;0;98.661;1
7;Edifício Cauaxi Plaza ;06454020;Avenida Cauaxi ;119;Alphaville;Barueri;SP;;0;63.875;1
8;Condomínio Edifício Everest Tower;06454020;Avenida Cauaxi ;189;Alphaville;Barueri;SP;;0;43.773;1
9;Complexo Madeira Alphaville;06454010;Alameida Madeira;328;Alphaville;Barueri;SP;;2;81.417;15
462;Complexo Madeira Alphaville;06454010;Alameida Madeira;362;Alphaville;Barueri;SP;;2;81.417;15
463;Complexo Madeira Alphaville;06454010;Alameida Madeira;398;Alphaville;Barueri;SP;;2;81.417;15
10;Condomínio Edifício Saint Paul;06454020;Avenida Cauaxi ;399;Alphaville;Barueri;SP;;0;82.280;1
11;Condomínio Californian Towers ;06454020;Avenida Cauaxi ;222;Alphaville;Barueri;SP;;0;71.000;1
12;Condomínio Premium Tamboré;06460040;Alameda Cores da Mata ;1973;Alphaville;Barueri;SP;;0;136.672;1
13;Condomínio Loft ;06454080;Alameda Itapecuru ;515;Alphaville;Barueri;SP;;0;62.890;1
14;Condomínio Edifício San Francisco;06454020;Avenida Cauaxi ;152;Alphaville;Barueri;SP;;0;82.848;1
15;Condomínio Edifício Sol Alphaville;06454020;Avenida Cauaxi ;223;Alphaville;Barueri;SP;;0;5.731;1
16;Condomínio Edifício L'Etoile Residence Service ;06454030;Alameda Purús;265;Alphaville;Barueri;SP;;0;59.946;1
17;Condomínio Alpha Club Condominium ;06454040;Alameda Mamoré;"149;189";Alphaville;Barueri;SP;;0;99.752;1
18;Condomínio Edifício Concorde;06454040;Alameda Mamoré;773;Alphaville;Barueri;SP;;0;33.792;1
19;Condomínio Edifício Metrópolis Flat and Office ;06454040;Alameda Mamoré;333;Alphaville;Barueri;SP;;2;3.942;9
20;Condomínio Edíficio Alpha Towers;06454050;Alameda Grajaú;473;Alphaville;Barueri;SP;;0;47.162;1
21;Condomíno Edifício Alphama ;06454050;Alameda Grajaú;654;Alphaville;Barueri;SP;;0;35.112/35.113;1
22;Condomínio Columbia ;06454050;Alameda Grajaú;292;Alphaville;Barueri;SP;;0;29.076;1
23;Condomíno Edifício Discovery ;06454050;Alameda Grajaú;249;Alphaville;Barueri;SP;;0;58.255;1
24;Condomínio Duplex House ;06454050;Alameda Grajaú;128;Alphaville;Barueri;SP;;0;;1
25;Condomínio Edifício Le Bougainvillee Home Service ;06454050;Alameda Grajaú;321;Alphaville;Barueri;SP;;0;7824;1
26;Condomínio Edifício Manhattan ;06454050;Alameda Grajaú;615;Alphaville;Barueri;SP;;0;956;1
27;Condomínio Master Residence Stay;06454050;Alameda Grajaú;158;Alphaville;Barueri;SP;;0;18.683;1
28;Condomínio Parati ;06454050;Alameda Grajaú;584;Alphaville;Barueri;SP;;0;18.681;1
29;Condominio Edificio Santiago;06454050;Alameda Grajaú;585;Alphaville;Barueri;SP;;0;18.682;1
30;Condomínio Top Village;06460020;Av. Tucunaré ;1140;Alphaville;Barueri;SP;;0;98.327;1
31;Condomínio Edifício Village;06454050;Alameda Grajaú;554;Alphaville;Barueri;SP;;0;15.265;1
32;Condomínio Office Grajaú;06454050;Alameda Grajaú;614;Alphaville;Barueri;SP;;1;49.117;12
33;Condominio Edificio Vitoria I;06454050;Alameda Grajaú;248;Alphaville;Barueri;SP;;0;34.539;1
34;Condomínio Monte Carlo 1;06454050;Alameda Grajaú;524;Alphaville;Barueri;SP;;0;66.411;1
35;Condomínio Monte Carlo Trade Center;06454040;Alameda Mamoré;911;Alphaville;Barueri;SP;;1;59.262;12
36;Condomínio Empresarial Monte Carlo 18 do Forte;06472002;Av. Ipanema;165;Alphaville;Barueri;SP;;1;102.109;14
37;Condominio 1Splendore;06454060;Praça Oiapoque;360;Alphaville;Barueri;SP;;0;118.937;1
38;Condomínio 1Maison Mont Blanc;06454065;Avenida Oiapoque;65;Alphaville;Barueri;SP;;0;63.565;1
39;Condomínio Classic;06454070;Alameda Amazonas;875;Alphaville;Barueri;SP;;0;47.460;1
40;Condomínio Edifício Grand Floridian ;06454080;Alameda Itapecuru ;149;Alphaville;Barueri;SP;;0;22.252;1
41;Condomínio Edificio Granville;06454080;Alameda Itapecuru ;605;Alphaville;Barueri;SP;;0;3.941;1
42;Condomínio Edifício Itapecuru I e II;06454080;Alameda Itapecuru ;154;Alphaville;Barueri;SP;;0;48.793;1
43;Condominio Edificio Pacific Towers;06454080;Alameda Itapecuru ;119;Alphaville;Barueri;SP;;0;22.251;1
44;Condomínio Edifício Lotus;06454080;Alameda Itapecuru ;282;Alphaville;Barueri;SP;;0;59.872;1
45;Condomínio Beat Alphaville;06454080;Alameda Itapecuru ;239;Alphaville;Barueri;SP;;0;62.314;1
46;Condomínio Edifício Fatto Alphaville;06460010;Avenida Aruanã;851;Alphaville;Barueri;SP;;0;96.734;1
47;Condomínio Edificio Garden Hill;06460010;Avenida Aruanã;821;Alphaville;Barueri;SP;;0;103.700;1
48;Condomínio Win Alphaville;06460010;Avenida Aruanã;745;Alphaville;Barueri;SP;;0;94.173;1
49;Condomínio Edifício Aruanã 601;06460010;Avenida Aruanã;601;Alphaville;Barueri;SP;;0;;1
50;Condomínio Panoramic;06460020;Avenida Tucunaré ;1192;Alphaville;Barueri;SP;;0;133.649;1
51;Condomínio Bellagio Ecopark Residence;06465134;Rua Bonnard;157;Alphaville;Barueri;SP;;0;133.533;1
52;Condominio Parc Athénée;06465134;Rua Bonnard;231;Alphaville;Barueri;SP;;0;133.532;1
53;Condominio The Garden & The Lake Gramercy Park;06465136;Avenida Parkinson;101;Alphaville;Barueri;SP;;0;133.548;1
54;Condomínio 1One Gramercy Park;06465136;Avenida Parkinson;42;Alphaville;Barueri;SP;;0;191.190;1
55;Condomínio Brascan Century Plaza Green Valley 11;06465136;Avenida Parkinson;35;Alphaville;Barueri;SP;;0;133.547;1
56;Condomínio Ereditá;06543315;Alameda América;365;Alphaville;Santana de Parnaíba;SP;;0;100.464;1
57;Condomínio Edifício London Ville;06472001;Avenida Copacaba ;348;Alphaville;Barueri;SP;;0;140.009;1
58;Condomínio Iakatu Alphaville;06472001;Avenida Copacaba ;439;Alphaville;Barueri;SP;;0;135.693;1
59;Condomínio More Alphaville;06472005;Avenida Ômega;598;Alphaville;Barueri;SP;;0;135.037;1
60;Condomínio Hit Alphaville;06472005;Avenida Ômega;442;Alphaville;Barueri;SP;;0;156.421;1
61;Condomínio Glass Alphaville;06472005;Avenida Ômega;310;Alphaville;Barueri;SP;;0;100.729;1
62;Condomínio Edifício Novare;06472005;Avenida Ômega;174;Alphaville;Barueri;SP;;0;170.965;1
63;Condomínio Edifício Choice 1;06472005;Avenida Ômega;265;Alphaville;Barueri;SP;;0;;1
64;Condomínio Edifício Verte Ville II;06472007;Avenida Vert Ville ;610;Alphaville;Barueri;SP;;0;69.166;1
65;Condomínio Lumina Gramercy Park;06465136;Avenida Parkinson;72;Alphaville;Barueri;SP;;0;133.546;1
66;Condomínio Brascan Century Plaza Green Valley Commercial;06473000;Avenida Andrômeda;885;Alphaville;Barueri;SP;;1;134.686;14
67;Condomínio Life Park;06465135;Avenida Delmar;277;Alphaville;Barueri;SP;;0;133.542;1
68;Condomínio Atria Alphaville;06473000;Avenida Andrômeda;206;Alphaville;Barueri;SP;;0;193.663;1
69;Condomínio Myra Alphaville ;06473000;Avenida Andrômeda;152;Alphaville;Barueri;SP;;0;;1
70;Condomínio Acqua Park;06465134;Rua Bonnard;132;Alphaville;Barueri;SP;;0;133.537;1
71;Condomínio Comercial Edifício Alpha Park;06455000;Alameda Araguaia ;943;Alphaville;Barueri;SP;;1;28.383;14
72;Condomínio 1I-Gloo Alphaville;06485360;Rua Vicente De Carvalho;219;Alphaville;Barueri;SP;;0;145.490;1
73;Condomínio Splendya 1;06485370;Rua Augusto dos Anjos;139;Alphaville;Barueri;SP;;0;155.330;1
74;Condomínio Splendya 1II;06485370;Rua Augusto dos Anjos;155;Alphaville;Barueri;SP;;0;167.906;1
75;Condomínio Edifício Júpiter;06541005;Avenida Marte;245;Alphaville;Santana de Parnaíba;SP;;0;81.793;1
76;Condominio Edificio Marte;06541005;Avenida Marte;273;Alphaville;Santana de Parnaíba;SP;;0;86.365;1
77;Condominio Edificio Maison de Ville;06541005;Avenida Marte;125;Alphaville;Santana de Parnaíba;SP;;0;80.459;1
78;Condomínio Alpha Vita;06542089;Avenida Universitário;585;Alphaville;Santana de Parnaíba;SP;;0;135.800;1
79;Condomínio Green Tamboré;06543001;Avenida Marcos Penteado Ulhôa Rodrigues;4446;Alphaville;Santana de Parnaíba;SP;;0;129.533;1
80;Condominio Jardins de Tambore;06544515;Alameda Terras Altas ;35;Alphaville;Santana de Parnaíba;SP;;2;148.313;3
81;Condomínio 1The Penthouses Tamboré;06543001;Avenida Marcos Penteado Ulhôa Rodrigues;3566;Alphaville;Santana de Parnaíba;SP;;0;106.397;1
82;Condominio Edificio Ghaia;06543315;Alameda América;101;Alphaville;Santana de Parnaíba;SP;;0;135.094;1
83;Condomínio Link Studios & Offices;06544300;Avenida dos Parques;45;Alphaville;Santana de Parnaíba;SP;;2;164.788;15
84;Condominio Edificio Stadium;06454000;Alameda Rio Negro ;1030;Alphaville;Barueri;SP;;2;53.277;15
85;Condominio Edificio Sequoia Residence;06454010;Alameda Madeira;292;Alphaville;Barueri;SP;;0;;1
86;Condomínio Edifício Europa;06454020;Avenida Cauaxi ;431;Alphaville;Barueri;SP;;0;92.325;1
87;Condomínio Uptown Housing;06541035;Avenida Altos de Alphaville;500;Alphaville;Santana de Parnaíba;SP;;0;61.370;16
88;Condomínio Quintas de Tamboré;06544515;Alameda Terras Altas;433;Alphaville;Santana de Parnaíba;SP;;0;;16
89;Condomínio Bonnard 307;06465134;Rua Bonnard;307;Alphaville;Barueri;SP;;0;;1
90;Condomínio West Gate ;06454020;Alameda Tocantins;75;Alphaville;Barueri;SP;;1;;14
91;Condomínio West Point;06454000;Alameda Rio Negro;161;Alphaville;Barueri;SP;;1;28.326;14
92;Condominio West Side;06455020;Alameda Tocantins;125;Alphaville;Barueri;SP;;1;28.328;270
93;Condomínio West Towers;06454000;Alameda Rio Negro;500;Alphaville;Barueri;SP;;1;62.827;14
94;Condomínio Canopus Corporate Alphaville;06460000;Avenida Tamboré ;267;Alphaville;Barueri;SP;;1;1.207;14
95;Centro Empresarial Araguaia - Cea I;06455000;Alameda Araguaia ;2044;Alphaville;Barueri;SP;;1;124.627;14
96;Centro Empresarial Araguaia II - Cea II;06455000;Alameda Araguaia ;2190;Alphaville;Barueri;SP;;1;124.630;14
97;Edifício CEA Corporate;06455000;Alameda Araguaia ;2104;Alphaville;Barueri;SP;;1;;14
98;Edifício Office Shopping Tamboré;06460040;Avenida Marcos Penteado Ulhôa Rodrigues;1.119;Alphaville;Barueri;SP;;1;85.415;12
99;Condomínio Escritórios Rio Negro;06454000;Alameda Rio Negro;503;Alphaville;Barueri;SP;;1;9.724;12
100;Condomínio Centro Administrativo Rio Negro;06454000;Alameda Rio Negro;585;Alphaville;Barueri;SP;;1;115.321;14
101;Edifício Alpha Premium - Rio Negro Business Center;06454000;Alameda Rio Negro;967;Alphaville;Barueri;SP;;1;156.370;14
102;Condomínio Edifício Station Square;06454010;Alameda Madeira;53;Alphaville;Barueri;SP;;1;;14
103;Edificio Amazonia;06454040;Alameda Mamoré;687;Alphaville;Barueri;SP;;1;;6
104;Condomínio Plaza Alphaville;06453051;Alameda Rio Negro;1.084;Alphaville;Barueri;SP;;1;58.450;14
105;Condomínio New Worker Tower Alphaville;06454050;Alameda Grajaú;60;Alphaville;Barueri;SP;;1;21.156;14
106;Condominio Edificio Pravda;06454050;Alameda Grajaú;98;Alphaville;Barueri;SP;;1;28.539;14
107;Condomínio Edifício Murano Business Office;06454050;Alameda Grajaú;129;Alphaville;Barueri;SP;;1;33.939;14
108;Condomínio Edifício Personal Business Office;06454040;Alameda Mamoré;535;Alphaville;Barueri;SP;;1;66.699;14
109;Condomínio Edifício Icon;06454041;Alameda Mamoré;503;Alphaville;Barueri;SP;;1;;14
110;Edifício Guinzza Trade Center;06454010;Alameda Madeira;258;Alphaville;Barueri;SP;;1;97.175;12
111;Condomínio Edifício Alfacon;06454010;Alameda Madeira;222;Alphaville;Barueri;SP;;1;;14
112;Condomínio Quebec Business Center;06454010;Alameda Madeira;162;Alphaville;Barueri;SP;;1;131.071;14
113;Condomínio Cauaxi Empresarial;06454020;Avenida Cauaxi ;350;Alphaville;Barueri;SP;;1;53.669;12
114;Condominio Alpha Green Business Tower;06454020;Avenida Cauaxi ;293;Alphaville;Barueri;SP;;1;154.394;14
115;Condomínio Medic Life;06472001;Avenida Copacaba ;112;Alphaville;Barueri;SP;;1;134.748;14
116;Edifício Empresarial Conti Chiari;06472001;Avenida Copacaba ;238;Alphaville;Barueri;SP;;1;;14
117;Condomínio Edifício Gama Offices;06472001;Avenida Copacaba ;177;Alphaville;Barueri;SP;;1;100.720;14
118;Edificio Montreal Plaza;06472001;Avenida Copacaba ;325;Alphaville;Barueri;SP;;1;149.096;14
119;Condomínio Smart Office Alphaville;06485365;Rua Rubem Braga;58;Alphaville;Barueri;SP;;1;116.853;12
120;Condomínio Wave Alphaville;06472003;Alameda Leblon;15;Alphaville;Barueri;SP;;0;95.117;1
121;Condomínio Edifício Air Offices;06473000;Avenida Andrômeda;723;Alphaville;Barueri;SP;;1;133.551;14
122;Condomínio Edifício Ômega;06454000;Alameda Rio Negro;911;Alphaville;Barueri;SP;;1;28.380;14
123;Condomínio Trend Tower;06472001;Avenida Copacaba ;268;Alphaville;Barueri;SP;;2;218.001;15
124;Condomínio Soho Tamboré;06543001;Avenida Marcos Penteado Ulhôa Rodrigues;624;Alphaville;Santana de Parnaíba;SP;;0;149.176;1
125;Condomínio Resort Tamboré;06543001;Avenida Marcos Penteado Ulhôa Rodrigues;3800;Alphaville;Santana de Parnaíba;SP;;0;143.665;1
126;Condominio 1Parque Tamboré;06543001;Avenida Marcos Penteado Ulhôa Rodrigues;1001;Alphaville;Santana de Parnaíba;SP;;0;106.449;1
127;Condomínio Bosques de Tamboré;06543001;Avenida Marcos Penteado Ulhôa Rodrigues;5100;Alphaville;Santana de Parnaíba;SP;;0;98.745;1
128;Condomínio 1Alphalife Tamboré;06543001;Avenida Marcos Penteado Ulhôa Rodrigues;1.081;Alphaville;Santana de Parnaíba;SP;;0;106.450;1
129;Condomínio Alpha Square ;06473073;Avenida Sagitário;138;Alphaville;Barueri;SP;;1;111.058;14
130;Condomínio Alpha Guarden;06473073;Avenida Sagitário;198;Alphaville;Barueri;SP;;0;111.058;1
131;Condomínio Alpha Park ;06473073;Avenida Sagitário;278;Alphaville;Barueri;SP;;0;111.058;1
132;Condomínio Verone ;06473010;Alameda Centauro;919;Alphaville;Barueri;SP;;0;135.095;1
133;Condomínio 1Royal Park;06465135;Avenida Delmar ;351;Alphaville;Barueri;SP;;0;133.535;1
134;Condomínio Bellini Alphaville ;06460121;Avenida Piraíba;263;Alphaville;Barueri;SP;;0;117.581;1
135;Condomínio Edifício Vogue;06454020;Avenida Cauaxi;329;Alphaville;Barueri;SP;;0;86.347;1
136;Condomínio Edifício Regina;06454020;Avenida Cauaxi;258;Alphaville;Barueri;SP;;0;34.154;1
137;Condomínio Level Alphaville ;06473073;Avenida Sagitário;233;Alphaville;Barueri;SP;;0;212.148;1
138;Condomínio Wi-House Alphaville;06454070;Alameda Amazonas;495;Alphaville;Barueri;SP;;0;63.566;1
139;Condomínio Edifício Chateau;06454020;Avenida Cauaxi;363;Alphaville;Barueri;SP;;0;57.014;1
140;Associação 1Scenic;06540900;Avenida Pentágono ;1100;Alphaville;Santana de Parnaíba;SP;;0;105.990;1
141;Condomínio Tamboré 05 - Villaggio;06543901;Alameda Gregório Bogossian Sobrinho;60;Alphaville;Santana de Parnaíba;SP;;0;109.241;1
142;Condomínio Tamboré 04 - Villaggio;06544072;Avenida Victor Civita;235;Alphaville;Santana de Parnaíba;SP;;0;105.698;1
143;Condomínio Tamboré 06 - Villaggio;06543502;Alameda Ibérica;285;Alphaville;Santana de Parnaíba;SP;;0;110.587;1
144;Condomínio Edifício Alpha Style ;06454080;Alameda Itapecuru;214;Alphaville;Barueri;SP;;0;137.314;1
145;Condomínio Canvas High House ;06454020;Avenida Cauaxi;370;Alphaville;Barueri;SP;;0;36.880;1
146;Edifício Crystal Tower;06454040;Alameda Mamoré,;989;Alphaville;Barueri;SP;;1;99.199;14
147;Condominio Edificio Lazulli Corporate Office;06472001;Avenida Copacaba ;190;Alphaville;Barueri;SP;;1;160.739;14
148;Condominio Edificio Vitoria II;06454050;Alameda Grajaú;218;Alphaville;Barueri;SP;;0;53.110;1
149;Condomínio Edifício Eagle Point;06455000;Alameda Araguaia;1293;Alphaville;Barueri;SP;;1;28.381;14
150;Castelo Branco Office Park;06460040;Avenida Marcos Penteado Ulhôa Rodrigues;819;Alphaville;Barueri;SP;;1;144.676;14
151;Condomínio Edifício Evolution Corporate;06455914;Alameda Xingu ;512;Alphaville;Barueri;SP;;1;148.521;14
152;Condomínio Edifício Itower;06455911;Alameda Xingu;350;Alphaville;Barueri;SP;;1;138.678;14
153;Condomínio Edifício Oiapoque;06454080;Alameda Itapecuru ;322;Alphaville;Barueri;SP;;0;40.616;1
154;Condomínio Edifício Ana Paula;06541005;Avenida Marte;376;Alphaville;Santana de Parnaíba;SP;;0;78.986;1
155;Condomínio Edifício Copacabana;06472001;Avenida Copacaba ;229;Alphaville;Barueri;SP;;0;104.750;1
156;Condomínio Jardins de Monet ;06454080;Alameda Itapecuru;244;Alphaville;Barueri;SP;;0;8140;1
157;Condomínio Edifício Essencia Alphaville;06454080;Alameda Itapecuru;283;Alphaville;Barueri;SP;;0;62.133;1
158;Condomíno Edifício America II;06454080;Alameda Itapecuru;473;Alphaville;Barueri;SP;;0;97.250;1
159;Condomíno Edifício America I;06454050;Alameda Grajaú;482;Alphaville;Barueri;SP;;0;95.247;1
160;Condomínio Edifício Phanton;06454040;Alameda Mamoré;737;Alphaville;Barueri;SP;;0;44.726;1
161;Condomínio Edifício Mirage;06454040;Alameda Mamoré;109;Alphaville;Barueri;SP;;0;19.460;1
162;Condomínio Edifício De Ville;06454040;Alameda Mamoré;947;Alphaville;Barueri;SP;;0;34.469;1
163;Condomínio Edifício Present Alphaville;06472005;Avenida Ômega;171;Alphaville;Barueri;SP;;0;100.722;1
164;Condomínio Edifício Metrópolis Flat and Office ;06454080;Alameda Itapecuru ;645;Alphaville;Barueri;SP;;2;3.942;9
165;Associação Villa Velha Residencial;06532050;Rua do Lampião;26;Alphaville;Santana de Parnaíba;SP;+551141541799;0;;112
166;Residencial Valville I;06532421;Estrada de Ipanema;2805;Alphaville;Santana de Parnaíba;SP;+551141546940;0;;112
167;Residencial Valville II;06532421;Estrada de Ipanema;2805;Alphaville;Santana de Parnaíba;SP;+551141546940;0;;112
168;Alphaville Burle Marx;06542012;Alameda Picasso;611;Alphaville;Santana de Parnaíba;SP;;0;;112
169;Alphaville Residencial 12;06540001;Avenida Yojiro Takaoka;6715;Alphaville;Santana de Parnaíba;SP;+551141532292;0;;112
170;Alphaville Residencial 11;06540001;Avenida Yojiro Takaoka;6720;Alphaville;Santana de Parnaíba;SP;;0;;112
171;Alphaville Residencial 10;06539005;Avenida Bom Pastor;1000;Alphaville;Santana de Parnaíba;SP;+551155539300;0;;112
172;Alphaville Residencial 9;06539005;Avenida Bom Pastor;509;Alphaville;Santana de Parnaíba;SP;+551141520900;0;;112
173;Alphaville Residencial 8;06541035;Avenida Altos de Alphaville;961;Alphaville;Santana de Parnaíba;SP;+551141533282;0;;112
174;Alphaville Residencial 6;06541038;Avenida Dr. Yojiro Takaoka;5201;Alphaville;Santana de Parnaíba;SP;+551138102121;0;;112
175;Alphaville Residencial 5;06542001;Avenida Dr. Yojiro Takaoka;4981;Alphaville;Santana de Parnaíba;SP;+551141520990;0;;112
176;Alphaville Residencial 4;06542001;Avenida Dr. Yojiro Takaoka;3229;Alphaville;Santana de Parnaíba;SP;+551141534017;0;;112
177;Alphaville Residencial 3;06542001;Avenida Dr. Yojiro Takaoka;2411;Alphaville;Santana de Parnaíba;SP;+551137874599;0;;112
178;Alphaville Residencial 2;06454040;Alameda Mamoré;1000;Alphaville;Barueri;SP;+551121915700;0;;112
179;Alphaville Residencial 1;06454000;Alameda Rio Negro;1500;Alphaville;Barueri;SP;+551120782961;0;;112
180;Alphaville Residencial 0;06475270;Avenida Paiol Velho;800;Alphaville;Barueri;SP;+551141963170;0;;112
181;Residencial Gênesis II;06542180;Alameda das Aroeiras;101;Alphaville;Santana de Parnaíba;SP;+551141530010;0;;112
182;Residencial Gênesis I;06543600;Avenida Gêmini;1670;Alphaville;Santana de Parnaíba;SP;+551141521380;0;;112
183;Tamboré 1;06460120;Avenida Ceci;100;Alphaville;Barueri;SP;+551120783116;0;;112
184;Tamboré 2;06543115;Praça da China;648;Alphaville;Santana de Parnaíba;SP;+551141521310;0;;112
185;Tamboré 3;06542001;Avenida Dr. Yojiro Takaoka;2430;Alphaville;Santana de Parnaíba;SP;+551141533665;0;;112
186;Tamboré 10;06544515;Alameda Terras Altas;310;Alphaville;Santana de Parnaíba;SP;+551141522525;0;;112
187;Tamboré 11;06543320;Avenida Honorio Alvares Penteado;1100;Alphaville;Santana de Parnaíba;SP;+551126907322;0;;112
188;Residencial Itahyê;06537405;Avenida Pérola Byington;S/N;Alphaville;Santana de Parnaíba;SP;+551143218009;0;;112
189;Residencial Campos do Conde;06543315;Alameda América;1100;Alphaville;Santana de Parnaíba;SP;;0;;112
190;Condomínio Melville;06543200;Avenida Pacífico Sul;423;Alphaville;Santana de Parnaíba;SP;+551141534232;0;;112
191;Residencial Alphaville Conde II;06473075;Avenida Sagitário ;900;Alphaville;Barueri;SP;;0;;112
192;Residencial 18 Do Forte;;;;Alphaville;Barueri;SP;;0;;112
193;Villa Solaia Residencial;06460121;Avenida Piraíba;520;Alphaville;Barueri;SP;+551141938888;0;;112
194;Residencial Alpha Plus;06472010;Avenida Alphaville;1555;Alphaville;Barueri;SP;;0;;112
195;Residencial AlphaSitio;06544300;Avenida dos Parques;351;Alphaville;Santana de Parnaíba;SP;+551141535808;0;;112
196;Sem comdominio;06453047;;;Alphaville;Barueri;SP;;0;;394
197;Sem comdominio;06453008;;;Alphaville;Barueri;SP;;1;;394
198;Sem comdominio;06453054;;;Alphaville;Barueri;SP;;1;;394
199;Sem comdominio;06453005;;;Alphaville;Barueri;SP;;1;;394
200;Sem comdominio;06453031;;;Alphaville;Barueri;SP;;1;;394
201;Sem comdominio;06453035;;;Alphaville;Barueri;SP;;1;;394
202;Sem comdominio;06453061;;;Alphaville;Barueri;SP;;1;;394
203;Sem comdominio;06453045;;;Alphaville;Barueri;SP;;1;;394
204;Sem comdominio;06453050;;;Alphaville;Barueri;SP;;1;;394
205;Sem comdominio;06453056;;;Alphaville;Barueri;SP;;1;;394
206;Sem comdominio;06453009;;;Alphaville;Barueri;SP;;1;;394
207;Sem comdominio;06453010;;;Alphaville;Barueri;SP;;1;;394
208;Sem comdominio;06453051;;;Alphaville;Barueri;SP;;1;;394
209;Sem comdominio;06453028;;;Alphaville;Barueri;SP;;1;;394
210;Sem comdominio;06453017;;;Alphaville;Barueri;SP;;1;;394
211;Sem comdominio;06453032;;;Alphaville;Barueri;SP;;1;;394
212;Sem comdominio;06453059;;;Alphaville;Barueri;SP;;1;;394
213;Sem comdominio;06453038;;;Alphaville;Barueri;SP;;1;;394
214;Sem comdominio;06453001;;;Alphaville;Barueri;SP;;1;;394
215;Sem comdominio;06453048;;;Alphaville;Barueri;SP;;1;;394
216;Sem comdominio;06453041;;;Alphaville;Barueri;SP;;1;;394
217;Sem comdominio;06453012;;;Alphaville;Barueri;SP;;1;;394
218;Sem comdominio;06453040;;;Alphaville;Barueri;SP;;1;;394
219;Sem comdominio;06453046;;;Alphaville;Barueri;SP;;1;;394
220;Sem comdominio;06453029;;;Alphaville;Barueri;SP;;1;;394
221;Sem comdominio;06453027;;;Alphaville;Barueri;SP;;1;;394
222;Sem comdominio;06453026;;;Alphaville;Barueri;SP;;1;;394
223;Sem comdominio;06453020;;;Alphaville;Barueri;SP;;1;;394
224;Sem comdominio;06453003;;;Alphaville;Barueri;SP;;1;;394
225;Sem comdominio;06453042;;;Alphaville;Barueri;SP;;1;;394
226;Sem comdominio;06453055;;;Alphaville;Barueri;SP;;1;;394
227;Sem comdominio;06453044;;;Alphaville;Barueri;SP;;1;;394
228;Sem comdominio;06453053;;;Alphaville;Barueri;SP;;1;;394
229;Sem comdominio;06453014;;;Alphaville;Barueri;SP;;1;;394
230;Sem comdominio;06453022;;;Alphaville;Barueri;SP;;1;;394
231;Sem comdominio;06453025;;;Alphaville;Barueri;SP;;1;;394
232;Sem comdominio;06453023;;;Alphaville;Barueri;SP;;1;;394
233;Sem comdominio;06453034;;;Alphaville;Barueri;SP;;1;;394
234;Sem comdominio;06453036;;;Alphaville;Barueri;SP;;1;;394
235;Sem comdominio;06453019;;;Alphaville;Barueri;SP;;1;;394
236;Sem comdominio;06453024;;;Alphaville;Barueri;SP;;1;;394
237;Sem comdominio;06453043;;;Alphaville;Barueri;SP;;1;;394
238;Sem comdominio;06453006;;;Alphaville;Barueri;SP;;1;;394
239;Sem comdominio;06453062;;;Alphaville;Barueri;SP;;1;;394
240;Sem comdominio;06453016;;;Alphaville;Barueri;SP;;1;;394
241;Sem comdominio;06453057;;;Alphaville;Barueri;SP;;1;;394
242;Sem comdominio;06453011;;;Alphaville;Barueri;SP;;1;;394
243;Sem comdominio;06453052;;;Alphaville;Barueri;SP;;1;;394
244;Sem comdominio;06453018;;;Alphaville;Barueri;SP;;1;;394
245;Sem comdominio;06453033;;;Alphaville;Barueri;SP;;1;;394
246;Sem comdominio;06453060;;;Alphaville;Barueri;SP;;1;;394
247;Sem comdominio;06453039;;;Alphaville;Barueri;SP;;1;;394
248;Sem comdominio;06453002;;;Alphaville;Barueri;SP;;1;;394
249;Sem comdominio;06453049;;;Alphaville;Barueri;SP;;1;;394
250;Sem comdominio;06453013;;;Alphaville;Barueri;SP;;1;;394
251;Sem comdominio;06453030;;;Alphaville;Barueri;SP;;1;;394
252;Sem comdominio;06453021;;;Alphaville;Barueri;SP;;1;;394
253;Sem comdominio;06453004;;;Alphaville;Barueri;SP;;1;;394
254;Sem comdominio;06453015;;;Alphaville;Barueri;SP;;1;;394
255;Sem comdominio;06453037;;;Alphaville;Barueri;SP;;1;;394
256;Sem comdominio;06453007;;;Alphaville;Barueri;SP;;1;;394
257;Sem comdominio;06453058;;;Alphaville;Barueri;SP;;1;;394
258;Sem comdominio;06473010;;;Alphaville;Barueri;SP;;1;;394
259;Sem comdominio;06473075;;;Alphaville;Barueri;SP;;1;;394
260;Sem comdominio;06473001;;;Alphaville;Barueri;SP;;1;;394
261;Sem comdominio;06473005;;;Alphaville;Barueri;SP;;1;;394
262;Sem comdominio;06473015;;;Alphaville;Barueri;SP;;1;;394
263;Sem comdominio;06473020;;;Alphaville;Barueri;SP;;1;;394
264;Sem comdominio;06454070;;;Alphaville;Barueri;SP;;1;;394
265;Sem comdominio;06455000;;;Alphaville;Barueri;SP;;1;;394
266;Sem comdominio;06454020;;;Alphaville;Barueri;SP;;1;;394
267;Sem comdominio;06454050;;;Alphaville;Barueri;SP;;1;;394
268;Sem comdominio;06454080;;;Alphaville;Barueri;SP;;1;;394
269;Sem comdominio;06454010;;;Alphaville;Barueri;SP;;1;;394
270;Sem comdominio;06454040;;;Alphaville;Barueri;SP;;1;;394
271;Sem comdominio;06454030;;;Alphaville;Barueri;SP;;1;;394
272;Sem comdominio;06454000;;;Alphaville;Barueri;SP;;1;;394
273;Sem comdominio;06455040;;;Alphaville;Barueri;SP;;1;;394
274;Sem comdominio;06455020;;;Alphaville;Barueri;SP;;1;;394
275;Sem comdominio;06455030;;;Alphaville;Barueri;SP;;1;;394
276;Sem comdominio;06455050;;;Alphaville;Barueri;SP;;1;;394
277;Sem comdominio;06455010;;;Alphaville;Barueri;SP;;1;;394
278;Sem comdominio;06454065;;;Alphaville;Barueri;SP;;1;;394
279;Sem comdominio;06454005;;;Alphaville;Barueri;SP;;1;;394
280;Sem comdominio;06454060;;;Alphaville;Barueri;SP;;1;;394
281;Sem comdominio;06454045;;;Alphaville;Barueri;SP;;1;;394
282;Sem comdominio;06454003;;;Alphaville;Barueri;SP;;1;;394
283;Sem comdominio;06453000;;;Alphaville;Barueri;SP;;1;;394
284;Sem comdominio;06460121;;;Alphaville;Barueri;SP;;1;;386
285;Sem comdominio;06453068;;;Alphaville;Barueri;SP;;1;;394
286;Sem comdominio;06453066;;;Alphaville;Barueri;SP;;1;;394
287;Sem comdominio;06453064;;;Alphaville;Barueri;SP;;1;;394
288;Sem comdominio;06453067;;;Alphaville;Barueri;SP;;1;;394
289;Sem comdominio;06453063;;;Alphaville;Barueri;SP;;1;;394
290;Sem comdominio;06453065;;;Alphaville;Barueri;SP;;1;;386
291;Sem comdominio;06472010;;;Alphaville;Barueri;SP;;1;;386
292;Sem comdominio;06472007;;;Alphaville;Barueri;SP;;1;;386
293;Sem comdominio;06472004;;;Alphaville;Barueri;SP;;1;;386
294;Sem comdominio;06472003;;;Alphaville;Barueri;SP;;1;;386
295;Sem comdominio;06472001;;;Alphaville;Barueri;SP;;1;;386
296;Sem comdominio;06472002;;;Alphaville;Barueri;SP;;1;;386
297;Sem comdominio;06472005;;;Alphaville;Barueri;SP;;1;;386
298;Sem comdominio;06485370;;;Alphaville;Barueri;SP;;1;;386
299;Sem comdominio;06485350;;;Alphaville;Barueri;SP;;1;;386
300;Sem comdominio;06485365;;;Alphaville;Barueri;SP;;1;;386
301;Sem comdominio;06485360;;;Alphaville;Barueri;SP;;1;;386
302;Sem comdominio;06472020;;;Alphaville;Barueri;SP;;1;;386
303;Sem comdominio;06473073;;;Alphaville;Barueri;SP;;1;;386
304;Sem comdominio;06460015;;;Alphaville;Barueri;SP;;1;;386
305;Sem comdominio;06460070;;;Alphaville;Barueri;SP;;1;;386
306;Sem comdominio;06460080;;;Alphaville;Barueri;SP;;1;;386
307;Sem comdominio;06460110;;;Alphaville;Barueri;SP;;1;;386
308;Sem comdominio;06460055;;;Alphaville;Barueri;SP;;1;;386
309;Sem comdominio;06460090;;;Alphaville;Barueri;SP;;1;;386
310;Sem comdominio;06460050;;;Alphaville;Barueri;SP;;1;;386
311;Sem comdominio;06460010;;;Alphaville;Barueri;SP;;1;;386
312;Sem comdominio;06460040;;;Alphaville;Barueri;SP;;1;;386
313;Sem comdominio;06460030;;;Alphaville;Barueri;SP;;1;;386
314;Sem comdominio;06460100;;;Alphaville;Barueri;SP;;1;;386
315;Sem comdominio;06460025;;;Alphaville;Barueri;SP;;1;;386
316;Sem comdominio;06460000;;;Alphaville;Barueri;SP;;1;;386
317;Sem comdominio;06460020;;;Alphaville;Barueri;SP;;1;;386
318;Sem comdominio;06458250;;;Alphaville;Barueri;SP;;1;;386
319;Sem comdominio;06460035;;;Alphaville;Barueri;SP;;1;;386
320;Sem comdominio;06460060;;;Alphaville;Barueri;SP;;1;;386
321;Sem comdominio;06472900;;;Alphaville;Barueri;SP;;1;;386
322;Sem comdominio;06460942;;;Alphaville;Barueri;SP;;1;;386
323;Sem comdominio;06460931;;;Alphaville;Barueri;SP;;1;;386
324;Sem comdominio;06455914;;;Alphaville;Barueri;SP;;1;;386
325;Sem comdominio;06455903;;;Alphaville;Barueri;SP;;1;;386
326;Sem comdominio;06480900;;;Alphaville;Barueri;SP;;1;;386
327;Sem comdominio;06473901;;;Alphaville;Barueri;SP;;1;;386
328;Sem comdominio;06473900;;;Alphaville;Barueri;SP;;1;;386
329;Sem comdominio;06465930;;;Alphaville;Barueri;SP;;1;;386
330;Sem comdominio;06465909;;;Alphaville;Barueri;SP;;1;;386
331;Sem comdominio;06465907;;;Alphaville;Barueri;SP;;1;;386
332;Sem comdominio;06465904;;;Alphaville;Barueri;SP;;1;;386
333;Sem comdominio;06465903;;;Alphaville;Barueri;SP;;1;;386
334;Sem comdominio;06465902;;;Alphaville;Barueri;SP;;1;;386
335;Sem comdominio;06460930;;;Alphaville;Barueri;SP;;1;;386
336;Sem comdominio;06460926;;;Alphaville;Barueri;SP;;1;;386
337;Sem comdominio;06460924;;;Alphaville;Barueri;SP;;1;;386
338;Sem comdominio;06460923;;;Alphaville;Barueri;SP;;1;;386
339;Sem comdominio;06460921;;;Alphaville;Barueri;SP;;1;;386
340;Sem comdominio;06460920;;;Alphaville;Barueri;SP;;1;;386
341;Sem comdominio;06460913;;;Alphaville;Barueri;SP;;1;;386
342;Sem comdominio;06460912;;;Alphaville;Barueri;SP;;1;;386
343;Sem comdominio;06460910;;;Alphaville;Barueri;SP;;1;;386
344;Sem comdominio;06460907;;;Alphaville;Barueri;SP;;1;;386
345;Sem comdominio;06460905;;;Alphaville;Barueri;SP;;1;;386
346;Sem comdominio;06460904;;;Alphaville;Barueri;SP;;1;;386
347;Sem comdominio;06455941;;;Alphaville;Barueri;SP;;1;;386
348;Sem comdominio;06455932;;;Alphaville;Barueri;SP;;1;;386
349;Sem comdominio;06455931;;;Alphaville;Barueri;SP;;1;;386
350;Sem comdominio;06455930;;;Alphaville;Barueri;SP;;1;;386
351;Sem comdominio;06455929;;;Alphaville;Barueri;SP;;1;;386
352;Sem comdominio;06455926;;;Alphaville;Barueri;SP;;1;;386
353;Sem comdominio;06455925;;;Alphaville;Barueri;SP;;1;;386
354;Sem comdominio;06455913;;;Alphaville;Barueri;SP;;1;;386
355;Sem comdominio;06455912;;;Alphaville;Barueri;SP;;1;;386
356;Sem comdominio;06455910;;;Alphaville;Barueri;SP;;1;;386
357;Sem comdominio;06455908;;;Alphaville;Barueri;SP;;1;;386
358;Sem comdominio;06455906;;;Alphaville;Barueri;SP;;1;;386
359;Sem comdominio;06455905;;;Alphaville;Barueri;SP;;1;;386
360;Sem comdominio;06455904;;;Alphaville;Barueri;SP;;1;;386
361;Sem comdominio;06455902;;;Alphaville;Barueri;SP;;1;;386
362;Sem comdominio;06454942;;;Alphaville;Barueri;SP;;1;;386
363;Sem comdominio;06454941;;;Alphaville;Barueri;SP;;1;;386
364;Sem comdominio;06454940;;;Alphaville;Barueri;SP;;1;;386
365;Sem comdominio;06454913;;;Alphaville;Barueri;SP;;1;;386
366;Sem comdominio;06454911;;;Alphaville;Barueri;SP;;1;;386
367;Sem comdominio;06454906;;;Alphaville;Barueri;SP;;1;;386
368;Sem comdominio;06454901;;;Alphaville;Barueri;SP;;1;;386
369;Sem comdominio;06454900;;;Alphaville;Barueri;SP;;1;;386
370;Sem comdominio;06455915;;;Alphaville;Barueri;SP;;1;;386
371;Sem comdominio;06460936;;;Alphaville;Barueri;SP;;1;;386
372;Sem comdominio;06460935;;;Alphaville;Barueri;SP;;1;;386
373;Sem comdominio;06460916;;;Alphaville;Barueri;SP;;1;;386
374;Sem comdominio;06460909;;;Alphaville;Barueri;SP;;1;;386
375;Sem comdominio;06465920;;;Alphaville;Barueri;SP;;1;;386
376;Sem comdominio;06465910;;;Alphaville;Barueri;SP;;1;;386
377;Sem comdominio;06465905;;;Alphaville;Barueri;SP;;1;;386
378;Sem comdominio;06460941;;;Alphaville;Barueri;SP;;1;;386
379;Sem comdominio;06460940;;;Alphaville;Barueri;SP;;1;;386
380;Sem comdominio;06460934;;;Alphaville;Barueri;SP;;1;;386
381;Sem comdominio;06460933;;;Alphaville;Barueri;SP;;1;;386
382;Sem comdominio;06460932;;;Alphaville;Barueri;SP;;1;;386
383;Sem comdominio;06460927;;;Alphaville;Barueri;SP;;1;;386
384;Sem comdominio;06460925;;;Alphaville;Barueri;SP;;1;;386
385;Sem comdominio;06460922;;;Alphaville;Barueri;SP;;1;;386
386;Sem comdominio;06460917;;;Alphaville;Barueri;SP;;1;;386
387;Sem comdominio;06460915;;;Alphaville;Barueri;SP;;1;;386
388;Sem comdominio;06460914;;;Alphaville;Barueri;SP;;1;;386
389;Sem comdominio;06460911;;;Alphaville;Barueri;SP;;1;;386
390;Sem comdominio;06460908;;;Alphaville;Barueri;SP;;1;;386
391;Sem comdominio;06460906;;;Alphaville;Barueri;SP;;1;;386
392;Sem comdominio;06460903;;;Alphaville;Barueri;SP;;1;;386
393;Sem comdominio;06460902;;;Alphaville;Barueri;SP;;1;;386
394;Sem comdominio;06460901;;;Alphaville;Barueri;SP;;1;;386
395;Sem comdominio;06460900;;;Alphaville;Barueri;SP;;1;;386
396;Sem comdominio;06455933;;;Alphaville;Barueri;SP;;1;;386
397;Sem comdominio;06455928;;;Alphaville;Barueri;SP;;1;;386
398;Sem comdominio;06455927;;;Alphaville;Barueri;SP;;1;;386
399;Sem comdominio;06455924;;;Alphaville;Barueri;SP;;1;;386
400;Sem comdominio;06455923;;;Alphaville;Barueri;SP;;1;;386
401;Sem comdominio;06455921;;;Alphaville;Barueri;SP;;1;;386
402;Sem comdominio;06455920;;;Alphaville;Barueri;SP;;1;;386
403;Sem comdominio;06455911;;;Alphaville;Barueri;SP;;1;;386
404;Sem comdominio;06455907;;;Alphaville;Barueri;SP;;1;;386
405;Sem comdominio;06455901;;;Alphaville;Barueri;SP;;1;;386
406;Sem comdominio;06455900;;;Alphaville;Barueri;SP;;1;;386
407;Sem comdominio;06454943;;;Alphaville;Barueri;SP;;1;;386
408;Sem comdominio;06454930;;;Alphaville;Barueri;SP;;1;;386
409;Sem comdominio;06454923;;;Alphaville;Barueri;SP;;1;;386
410;Sem comdominio;06454920;;;Alphaville;Barueri;SP;;1;;386
411;Sem comdominio;06454915;;;Alphaville;Barueri;SP;;1;;386
412;Sem comdominio;06454910;;;Alphaville;Barueri;SP;;1;;386
413;Sem comdominio;06454905;;;Alphaville;Barueri;SP;;1;;386
414;Sem comdominio;06454904;;;Alphaville;Barueri;SP;;1;;386
415;Sem comdominio;06454903;;;Alphaville;Barueri;SP;;1;;386
416;Sem comdominio;06454902;;;Alphaville;Barueri;SP;;1;;386
417;Sem comdominio;06455972;;;Alphaville;Barueri;SP;;1;;386
418;Sem comdominio;06455970;;;Alphaville;Barueri;SP;;1;;386
419;Sem comdominio;06453970;;;Alphaville;Barueri;SP;;1;;386
420;Sem comdominio;06460971;;;Alphaville;Barueri;SP;;1;;386
421;Sem comdominio;06540427;;;Alphaville;Santana de Parnaíba;SP;;1;;386
422;Sem comdominio;06542089;;;Alphaville;Santana de Parnaíba;SP;;1;;386
423;Sem comdominio;06541078;;;Alphaville;Santana de Parnaíba;SP;;1;;394
424;Sem comdominio;06541068;;;Alphaville;Santana de Parnaíba;SP;;1;;394
425;Sem comdominio;06541020;;;Alphaville;Santana de Parnaíba;SP;;1;;394
426;Sem comdominio;06541005;;;Alphaville;Santana de Parnaíba;SP;;1;;394
427;Sem comdominio;06541015;;;Alphaville;Santana de Parnaíba;SP;;1;;394
428;Sem comdominio;06541010;;;Alphaville;Santana de Parnaíba;SP;;1;;394
429;Sem comdominio;06541025;;;Alphaville;Santana de Parnaíba;SP;;1;;394
430;Sem comdominio;06541033;;;Alphaville;Santana de Parnaíba;SP;;1;;394
431;Sem comdominio;06541035;;;Alphaville;Santana de Parnaíba;SP;;1;;394
432;Sem comdominio;06541030;;;Alphaville;Santana de Parnaíba;SP;;1;;394
433;Sem comdominio;06541038;;;Alphaville;Santana de Parnaíba;SP;;1;;394
434;Sem comdominio;06541055;;;Alphaville;Santana de Parnaíba;SP;;1;;394
435;Sem comdominio;06541075;;;Alphaville;Santana de Parnaíba;SP;;1;;394
436;Sem comdominio;06541065;;;Alphaville;Santana de Parnaíba;SP;;1;;394
437;Sem comdominio;06541070;;;Alphaville;Santana de Parnaíba;SP;;1;;394
438;Sem comdominio;06541080;;;Alphaville;Santana de Parnaíba;SP;;1;;394
439;Sem comdominio;06541085;;;Alphaville;Santana de Parnaíba;SP;;1;;394
440;Sem comdominio;06541060;;;Alphaville;Santana de Parnaíba;SP;;1;;394
441;Sem comdominio;06541045;;;Alphaville;Santana de Parnaíba;SP;;1;;394
442;Sem comdominio;06541050;;;Alphaville;Santana de Parnaíba;SP;;1;;394
443;Sem comdominio;06541040;;;Alphaville;Santana de Parnaíba;SP;;1;;394
444;Sem comdominio;06543306;;;Alphaville;Santana de Parnaíba;SP;;1;;386
445;Sem comdominio;06543315;;;Alphaville;Santana de Parnaíba;SP;;1;;386
446;Sem comdominio;06544080;;;Alphaville;Santana de Parnaíba;SP;;1;;386
447;Sem comdominio;06543312;;;Alphaville;Santana de Parnaíba;SP;;1;;386
448;Sem comdominio;06543510;;;Alphaville;Santana de Parnaíba;SP;;1;;386
449;Sem comdominio;06543003;;;Alphaville;Santana de Parnaíba;SP;;1;;386
450;Sem comdominio;06543325;;;Alphaville;Santana de Parnaíba;SP;;1;;386
451;Sem comdominio;06543385;;;Alphaville;Santana de Parnaíba;SP;;1;;386
452;Sem comdominio;06543502;;;Alphaville;Santana de Parnaíba;SP;;1;;386
453;Sem comdominio;06543308;;;Alphaville;Santana de Parnaíba;SP;;1;;386
454;Sem comdominio;06544515;;;Alphaville;Santana de Parnaíba;SP;;1;;386
455;Sem comdominio;06543007;;;Alphaville;Santana de Parnaíba;SP;;1;;386
456;Sem comdominio;06543320;;;Alphaville;Santana de Parnaíba;SP;;1;;386
457;Sem comdominio;06544071;;;Alphaville;Santana de Parnaíba;SP;;1;;386
458;Sem comdominio;06544072;;;Alphaville;Santana de Parnaíba;SP;;1;;386
459;Sem comdominio;06544070;;;Alphaville;Santana de Parnaíba;SP;;1;;386
460;Sem comdominio;06544075;;;Alphaville;Santana de Parnaíba;SP;;1;;386
461;Sem comdominio;06543004;;;Alphaville;Santana de Parnaíba;SP;;1;;386